,precision,recall,f1-score,support
Benign,0.9999449683568051,0.9994249683732606,0.9996849007437343,199989.0
Attack,0.0,0.0,0.0,11.0
accuracy,0.99937,0.99937,0.99937,0.99937
macro avg,0.49997248417840257,0.4997124841866303,0.49984245037186714,200000.0
weighted avg,0.9998899713835455,0.99937,0.9996299180741934,200000.0
