,precision,recall,f1-score,support
Benign,0.9999449661541848,0.9993849661731395,0.999664887737392,199989.0
Attack,0.0,0.0,0.0,11.0
accuracy,0.99933,0.99933,0.99933,0.99933
macro avg,0.4999724830770924,0.49969248308656977,0.499832443868696,200000.0
weighted avg,0.9998899691810463,0.99933,0.9996099061685665,200000.0
