,precision,recall,f1-score,support
Benign,0.9998220851619025,0.9274119341481467,0.9622567104082025,199964.0
Attack,0.00020664003306240529,0.08333333333333333,0.00041225779854335576,36.0
accuracy,0.92726,0.92726,0.92726,0.92726
macro avg,0.5000143625974824,0.50537263374074,0.48133448410337293,200000.0
weighted avg,0.9996421543817793,0.92726,0.9620835784067329,200000.0
