,precision,recall,f1-score,support
Benign,0.9998199063513027,0.999479906383149,0.99964987745711,199964.0
Attack,0.0,0.0,0.0,36.0
accuracy,0.9993,0.9993,0.9993,0.9993
macro avg,0.49990995317565134,0.4997399531915745,0.499824938728555,200000.0
weighted avg,0.9996399387681595,0.9993,0.9994699404791677,200000.0
