,precision,recall,f1-score,support
Benign,0.9999449658788448,0.9993799658981244,0.9996623860552937,199989.0
Attack,0.0,0.0,0.0,11.0
accuracy,0.999325,0.999325,0.999325,0.999325
macro avg,0.4999724829394224,0.4996899829490622,0.49983119302764684,200000.0
weighted avg,0.9998899689057215,0.999325,0.9996074046240606,200000.0
