,precision,recall,f1-score,support
Benign,0.9997641828937268,0.9995585609085619,0.9996613613274636,199348.0
Attack,0.873015873015873,0.9279141104294478,0.8996282527881041,652.0
accuracy,0.999325,0.999325,0.999325,0.999325
macro avg,0.9363900279547999,0.9637363356690049,0.9496448070577839,200000.0
weighted avg,0.999350983403525,0.999325,0.9993352533936253,200000.0
